{
  "timestamp": "20260208_141842",
  "configuration": {
    "num_qubits": 3,
    "num_executions": 150,
    "shots": 2048,
    "burn_in": 20,
    "smooth_window": 5
  },
  "metrics": {
    "baseline_fidelity": 0.97900390625,
    "final_fidelity": 0.24609375,
    "fidelity_decay_percent": 74.86284289276807,
    "detection_accuracy": 86.66666666666667,
    "false_positive_rate": 0.0,
    "first_aging_execution": 72
  },
  "time_series": {
    "fidelities": [
      0.97900390625,
      0.9833984375,
      0.9794921875,
      0.97998046875,
      0.97802734375,
      0.98095703125,
      0.98193359375,
      0.98583984375,
      0.97900390625,
      0.98046875,
      0.978515625,
      0.9755859375,
      0.98095703125,
      0.98193359375,
      0.97705078125,
      0.978515625,
      0.978515625,
      0.978515625,
      0.9716796875,
      0.9765625,
      0.97119140625,
      0.9775390625,
      0.97265625,
      0.97509765625,
      0.97802734375,
      0.97216796875,
      0.96240234375,
      0.9716796875,
      0.97216796875,
      0.97119140625,
      0.96533203125,
      0.9716796875,
      0.96533203125,
      0.95703125,
      0.96484375,
      0.97021484375,
      0.96875,
      0.9658203125,
      0.966796875,
      0.96728515625,
      0.95458984375,
      0.95703125,
      0.9599609375,
      0.9560546875,
      0.9609375,
      0.95361328125,
      0.94482421875,
      0.95068359375,
      0.95947265625,
      0.9482421875,
      0.94873046875,
      0.94580078125,
      0.95166015625,
      0.9443359375,
      0.94580078125,
      0.9443359375,
      0.93701171875,
      0.9306640625,
      0.93896484375,
      0.939453125,
      0.93603515625,
      0.93798828125,
      0.9423828125,
      0.9189453125,
      0.9345703125,
      0.93359375,
      0.9189453125,
      0.92724609375,
      0.92626953125,
      0.92236328125,
      0.45263671875,
      0.458984375,
      0.45947265625,
      0.4453125,
      0.4462890625,
      0.45263671875,
      0.44287109375,
      0.45556640625,
      0.44921875,
      0.43359375,
      0.40478515625,
      0.390625,
      0.4013671875,
      0.3984375,
      0.36279296875,
      0.392578125,
      0.3740234375,
      0.38916015625,
      0.3740234375,
      0.38720703125,
      0.35498046875,
      0.3544921875,
      0.35986328125,
      0.37353515625,
      0.36328125,
      0.37255859375,
      0.3701171875,
      0.3291015625,
      0.36865234375,
      0.3505859375,
      0.46923828125,
      0.4619140625,
      0.4765625,
      0.46142578125,
      0.45556640625,
      0.4365234375,
      0.427734375,
      0.43212890625,
      0.42041015625,
      0.4287109375,
      0.31005859375,
      0.29443359375,
      0.2802734375,
      0.29931640625,
      0.294921875,
      0.29052734375,
      0.28466796875,
      0.29736328125,
      0.27197265625,
      0.26611328125,
      0.26953125,
      0.25439453125,
      0.2587890625,
      0.2509765625,
      0.25439453125,
      0.26171875,
      0.2548828125,
      0.27099609375,
      0.25146484375,
      0.259765625,
      0.27734375,
      0.271484375,
      0.2421875,
      0.2626953125,
      0.26318359375,
      0.25048828125,
      0.25244140625,
      0.259765625,
      0.26611328125,
      0.2490234375,
      0.24658203125,
      0.26220703125,
      0.2666015625,
      0.26025390625,
      0.24609375,
      0.25537109375,
      0.259765625,
      0.2509765625,
      0.2548828125,
      0.24609375
    ],
    "cai_smoothed": [
      3.5034026386884727,
      3.356892747020715,
      3.4038244873711743,
      3.425090561898621,
      3.4667543336508486,
      3.455098853542448,
      3.4940488183754908,
      3.4219815334668398,
      3.451142076460948,
      3.4354976740759944,
      3.488365400229319,
      3.5925455029007893,
      3.6783552352442697,
      3.65453356441215,
      3.718099521867628,
      3.734745837548446,
      3.711968015368073,
      3.7628018287771248,
      3.9201132345007172,
      3.9438965529970837,
      4.055446017104788,
      4.082484264831719,
      4.17995035992424,
      4.14976754183551,
      4.145860850361781,
      4.155108745243828,
      4.378932870056847,
      4.4060690162521565,
      4.4608989948325135,
      4.5680122618926315,
      4.674506159470819,
      4.565963235324351,
      4.669006878168306,
      4.891011372886561,
      4.996703727623197,
      4.9482002804230705,
      5.005831491689605,
      5.018831763281597,
      4.901805769878957,
      4.88379438605299,
      5.110190130361974,
      5.281063567732067,
      5.37564872753998,
      5.538453091253723,
      5.641032008223119,
      5.673125118213651,
      5.852750917077179,
      5.9942043775626725,
      5.967444650847767,
      6.151616206722663,
      6.231412158948072,
      6.232139777479288,
      6.23285161947163,
      6.450438870381388,
      6.497035780941052,
      6.571898451957298,
      6.707700547344809,
      7.000636960227496,
      7.08911286336877,
      7.195837610670121,
      7.622640122934106,
      7.944275196860252,
      8.145687663044637,
      8.779888541366894,
      9.23455302687281,
      9.374895048893084,
      9.737371783863736,
      10.044388140372252,
      10.059109283435987,
      10.328722106853732,
      15.90396501452822,
      21.2452608117171,
      26.68079334945934,
      32.279045991045976,
      37.80764456914194,
      37.935857363396124,
      38.22218959158014,
      38.41377102015578,
      38.49461190655681,
      38.79024018857474,
      39.59738727192267,
      40.45227806204662,
      41.304739913104,
      42.11393327523655,
      43.146822778580535,
      43.42712550745684,
      43.74350056817828,
      44.00577801798442,
      44.429142315481045,
      44.291478407841524,
      44.89077784816571,
      45.294155992241215,
      45.82492659201619,
      46.02287852169599,
      46.487922593361475,
      46.41956951321798,
      46.39374746200322,
      46.868106887302304,
      47.0603383689231,
      47.33223532266337,
      46.451809675524025,
      45.609093395045285,
      44.139568844910464,
      43.2748606331887,
      42.271327080119434,
      42.76169695316221,
      43.266338252359766,
      43.88908250421722,
      44.471274273741024,
      44.89180741386135,
      46.424212996500835,
      48.03178126194559,
      49.8431915291601,
      51.30793737490744,
      52.91963078924776,
      53.24937032230773,
      53.46833954069105,
      53.39385494311225,
      53.814775042842165,
      54.251309973874186,
      54.604573015580876,
      55.056215685317035,
      55.60146185381802,
      55.95047141645578,
      56.19430159908812,
      56.38938974873116,
      56.49722765165194,
      56.47677909592611,
      56.58479406764733,
      56.640551926424486,
      56.58339268961754,
      56.51292403585823,
      56.942755299480595,
      56.93111935884732,
      57.00403903845205,
      57.41035230892262,
      57.734010720644434,
      57.65179860157333,
      57.72499400878394,
      57.991430565330134,
      58.14707188569414,
      58.15063430932928,
      58.186986231951344,
      58.36265991185995,
      58.50733483952341,
      58.521068888800166,
      58.65977401347544,
      58.94311708633446,
      59.113253122449045,
      59.22374411365083
    ],