{
  "timestamp": "20260208_141623",
  "configuration": {
    "num_qubits": 3,
    "num_executions": 150,
    "shots": 2048,
    "burn_in": 20,
    "smooth_window": 5
  },
  "metrics": {
    "baseline_fidelity": 0.978515625,
    "final_fidelity": 0.26953125,
    "fidelity_decay_percent": 72.45508982035929,
    "detection_accuracy": 86.66666666666667,
    "false_positive_rate": 0.0,
    "first_aging_execution": 72
  },
  "time_series": {
    "fidelities": [
      0.978515625,
      0.97216796875,
      0.9765625,
      0.97705078125,
      0.97607421875,
      0.98193359375,
      0.98095703125,
      0.98388671875,
      0.97412109375,
      0.9794921875,
      0.97802734375,
      0.97021484375,
      0.9736328125,
      0.97705078125,
      0.97900390625,
      0.9765625,
      0.97802734375,
      0.97900390625,
      0.96630859375,
      0.97216796875,
      0.9736328125,
      0.9775390625,
      0.9736328125,
      0.9677734375,
      0.97265625,
      0.97314453125,
      0.96826171875,
      0.9716796875,
      0.97509765625,
      0.96484375,
      0.95947265625,
      0.97021484375,
      0.96630859375,
      0.9697265625,
      0.9716796875,
      0.9619140625,
      0.953125,
      0.97314453125,
      0.96484375,
      0.9619140625,
      0.958984375,
      0.94580078125,
      0.95654296875,
      0.955078125,
      0.95263671875,
      0.9560546875,
      0.94921875,
      0.9521484375,
      0.96240234375,
      0.9462890625,
      0.94384765625,
      0.9521484375,
      0.9501953125,
      0.95263671875,
      0.9482421875,
      0.94140625,
      0.939453125,
      0.9384765625,
      0.94091796875,
      0.9384765625,
      0.9365234375,
      0.93115234375,
      0.92724609375,
      0.93017578125,
      0.92724609375,
      0.9345703125,
      0.92236328125,
      0.9326171875,
      0.92236328125,
      0.9111328125,
      0.453125,
      0.4375,
      0.43359375,
      0.443359375,
      0.45361328125,
      0.44873046875,
      0.43310546875,
      0.4462890625,
      0.42236328125,
      0.45947265625,
      0.4033203125,
      0.4091796875,
      0.39013671875,
      0.419921875,
      0.3740234375,
      0.3837890625,
      0.3955078125,
      0.373046875,
      0.3935546875,
      0.380859375,
      0.380859375,
      0.35498046875,
      0.37109375,
      0.361328125,
      0.33935546875,
      0.36328125,
      0.35009765625,
      0.36767578125,
      0.3447265625,
      0.361328125,
      0.4755859375,
      0.45458984375,
      0.45068359375,
      0.44482421875,
      0.44873046875,
      0.43115234375,
      0.45703125,
      0.4228515625,
      0.4228515625,
      0.42724609375,
      0.296875,
      0.2900390625,
      0.29833984375,
      0.2939453125,
      0.27978515625,
      0.2939453125,
      0.2890625,
      0.2734375,
      0.28857421875,
      0.30029296875,
      0.2724609375,
      0.265625,
      0.25048828125,
      0.26318359375,
      0.26708984375,
      0.265625,
      0.251953125,
      0.2626953125,
      0.2607421875,
      0.2763671875,
      0.27099609375,
      0.24658203125,
      0.24462890625,
      0.2705078125,
      0.255859375,
      0.26171875,
      0.26708984375,
      0.24951171875,
      0.2548828125,
      0.2353515625,
      0.2587890625,
      0.25732421875,
      0.2451171875,
      0.25048828125,
      0.23974609375,
      0.26318359375,
      0.2451171875,
      0.2451171875,
      0.265625,
      0.26953125
    ],
    "cai_smoothed": [
      3.538201561216476,
      3.7603256739262054,
      3.73731274919535,
      3.725020672121726,
      3.7355333616223425,
      3.704935125818673,
      3.602780704061522,
      3.522210109010344,
      3.578299950646368,
      3.5448932016183314,
      3.615931274737305,
      3.776216743970706,
      3.9322084108222866,
      3.9103193508660974,
      3.935664845808084,
      3.9715647085269388,
      3.885429021279306,
      3.8287869374843786,
      3.989930463941375,
      4.09910873143764,
      4.155977917859228,
      4.177960999762037,
      4.265073053345726,
      4.263687144861053,
      4.275392121783267,
      4.300173275187848,
      4.443641695996364,
      4.491311260418309,
      4.406582690045861,
      4.527155915351972,
      4.727444056938227,
      4.718577825790176,
      4.808268444257985,
      4.8981142750331,
      4.821793574052076,
      4.804647186018156,
      5.0509443944238495,
      4.973966815448645,
      5.056454711938722,
      5.206191638237436,
      5.262197788638996,
      5.375301157597103,
      5.613343415285408,
      5.764639342735149,
      5.905529069194675,
      5.961232701978381,
      5.931682022803533,
      6.011221681800716,
      5.927174743523792,
      6.0272288495734845,
      6.206917928437399,
      6.1873983442729585,
      6.229143921285979,
      6.378227645665955,
      6.369311055143067,
      6.417112574971765,
      6.596400293251554,
      6.765164046246133,
      6.934458037323513,
      7.078165301190275,
      7.457639503750935,
      7.905376357041668,
      8.407581727592133,
      8.922866796640019,
      9.46661868914582,
      9.604041084661155,
      9.831269496167469,
      9.87035065456486,
      10.080255632633893,
      10.399630542257684,
      15.984055421777224,
      21.617580581117,
      27.404334667556178,
      32.968195044976696,
      38.273320985223265,
      38.461390778437675,
      38.634211019152026,
      38.653076622660606,
      39.02594724840547,
      39.10635576869093,
      39.871284536459584,
      40.39091604008803,
      41.231322058561695,
      41.50927982314819,
      42.687301279424744,
      43.0401376250344,
      43.32392659373679,
      43.685180926169174,
      44.12537568890973,
      44.187004685169754,
      44.41183659069034,
      45.05519803874383,
      45.27293701485467,
      45.80931000594387,
      46.4667506065502,
      46.79986228687909,
      46.990306783783495,
      47.14321735359674,
      47.46951260276886,
      47.37467232813036,
      46.30937554012436,
      45.326277523975094,
      44.5925492327167,
      43.654092362375025,
      42.85156379158937,
      43.47506086237472,
      43.56021262346524,
      43.99198189285012,
      44.356572446418305,
      44.71406246633451,
      46.324370103757445,
      48.306215383812926,
      49.810469613891556,
      51.36257698739714,
      53.12264124491833,
      53.27237818315059,
      53.40495591162842,
      53.791808247114105,
      53.96733322122791,
      53.84985834275386,
      54.20856343460762,
      54.58993202814948,
      54.9703665052928,
      55.36920068744013,
      55.86151477191218,
      56.05078451585871,
      56.31097884551271,
      56.28469889143918,
      56.42467365958415,
      56.43596067863954,
      56.489193244229696,
      56.66100560648707,
      56.973714417969305,
      56.97843242158537,
      57.31781030779729,
      57.532197242091115,
      57.418298252858165,
      57.475856282898874,
      57.758102509489255,
      58.09440897967195,
      58.23730486333058,
      58.45693120331773,
      58.61716408287077,
      58.77853910923203,
      58.84128879844216,
      58.90472734423378,
      59.150137812582614,
      59.259865809038175,
      59.20429658719047,
      58.98686633040518
    ],