{
  "timestamp": "20260123_102857",
  "configuration": {
    "num_qubits": 3,
    "num_executions": 150,
    "shots": 2048,
    "burn_in": 20,
    "smooth_window": 5
  },
  "metrics": {
    "baseline_fidelity": 0.978515625,
    "final_fidelity": 0.259765625,
    "fidelity_decay_percent": 73.45309381237524,
    "detection_accuracy": 86.66666666666667,
    "false_positive_rate": 0.0,
    "first_aging_execution": 72
  },
  "time_series": {
    "fidelities": [
      0.978515625,
      0.98193359375,
      0.9775390625,
      0.98291015625,
      0.97802734375,
      0.97705078125,
      0.9814453125,
      0.97998046875,
      0.98291015625,
      0.97900390625,
      0.9736328125,
      0.9755859375,
      0.9794921875,
      0.9833984375,
      0.97705078125,
      0.97998046875,
      0.97607421875,
      0.97509765625,
      0.98046875,
      0.978515625,
      0.9765625,
      0.97607421875,
      0.974609375,
      0.96875,
      0.97802734375,
      0.96923828125,
      0.98193359375,
      0.96435546875,
      0.97119140625,
      0.966796875,
      0.9638671875,
      0.9697265625,
      0.9658203125,
      0.96533203125,
      0.96435546875,
      0.95751953125,
      0.96142578125,
      0.9609375,
      0.96435546875,
      0.96240234375,
      0.95166015625,
      0.9580078125,
      0.95263671875,
      0.9560546875,
      0.9482421875,
      0.96337890625,
      0.9541015625,
      0.95556640625,
      0.94775390625,
      0.94775390625,
      0.947265625,
      0.94775390625,
      0.943359375,
      0.9443359375,
      0.93701171875,
      0.9482421875,
      0.93212890625,
      0.94384765625,
      0.9423828125,
      0.93798828125,
      0.943359375,
      0.93310546875,
      0.93115234375,
      0.927734375,
      0.93701171875,
      0.927734375,
      0.93115234375,
      0.919921875,
      0.92626953125,
      0.91650390625,
      0.45849609375,
      0.43798828125,
      0.44677734375,
      0.45068359375,
      0.443359375,
      0.44775390625,
      0.443359375,
      0.43017578125,
      0.44873046875,
      0.4521484375,
      0.4013671875,
      0.4072265625,
      0.3876953125,
      0.3916015625,
      0.39111328125,
      0.37158203125,
      0.3916015625,
      0.38134765625,
      0.39208984375,
      0.4033203125,
      0.3662109375,
      0.34912109375,
      0.36279296875,
      0.376953125,
      0.3740234375,
      0.3564453125,
      0.35791015625,
      0.35009765625,
      0.36279296875,
      0.3525390625,
      0.458984375,
      0.451171875,
      0.47314453125,
      0.4501953125,
      0.431640625,
      0.443359375,
      0.4423828125,
      0.42724609375,
      0.416015625,
      0.4296875,
      0.3017578125,
      0.298828125,
      0.30419921875,
      0.2919921875,
      0.2841796875,
      0.3056640625,
      0.29638671875,
      0.29248046875,
      0.27392578125,
      0.2666015625,
      0.26806640625,
      0.27978515625,
      0.2529296875,
      0.26318359375,
      0.2431640625,
      0.27197265625,
      0.26953125,
      0.26171875,
      0.26318359375,
      0.25732421875,
      0.25244140625,
      0.265625,
      0.27734375,
      0.263671875,
      0.263671875,
      0.26708984375,
      0.2734375,
      0.24267578125,
      0.2744140625,
      0.2626953125,
      0.25,
      0.2451171875,
      0.26708984375,
      0.25146484375,
      0.26318359375,
      0.25,
      0.25732421875,
      0.24462890625,
      0.25244140625,
      0.259765625
    ],
    "cai_smoothed": [
      3.534486092472425,
      3.4236712639710207,
      3.494371364030504,
      3.4405304073693443,
      3.477531923749608,
      3.515171160819629,
      3.539565748194317,
      3.5221521622450696,
      3.5384886897625725,
      3.541525234040452,
      3.603543405352115,
      3.699020805124081,
      3.7197790305391067,
      3.72929357250449,
      3.774765438258187,
      3.705921418555989,
      3.7153967785119684,
      3.7933886738449063,
      3.8524428800085575,
      3.850865295759956,
      3.9143219613434206,
      3.9326564109166156,
      3.955884409653879,
      4.129150378986546,
      4.151756282251205,
      4.267712630569858,
      4.204858333100086,
      4.363512802870733,
      4.349081373847524,
      4.516474670714527,
      4.602023617892395,
      4.786072528685129,
      4.782997660576137,
      4.878350078183038,
      4.930154355151219,
      5.036699037230088,
      5.166979422834792,
      5.248438192038595,
      5.281593396588202,
      5.324871101530503,
      5.4170376340498825,
      5.477481000877822,
      5.605123646702177,
      5.732930974021248,
      5.933378198546885,
      5.7950747213455,
      5.860828848954265,
      5.837988806046024,
      5.963258700172732,
      5.991954477976433,
      6.223002697726835,
      6.328103745590271,
      6.507619897546769,
      6.569521916818388,
      6.727429428386991,
      6.727322539180352,
      6.946482806018085,
      6.955662855515047,
      6.997342562035065,
      6.997985322076431,
      7.384918547217973,
      7.710398560114325,
      8.231384258174847,
      8.800257403328697,
      9.205371012429653,
      9.520658951942035,
      9.656112547739308,
      9.914296104863707,
      10.042243628625371,
      10.42081919533758,
      15.852878146995556,
      21.603512897978113,
      27.089365863612567,
      32.62243414155097,
      38.11866644823621,
      38.38842062777594,
      38.45189565374268,
      38.76115204133858,
      38.91372223806178,
      38.942803827204116,
      39.69557288612746,
      40.33987173653408,
      41.082314127437876,
      41.97586423619969,
      42.91329739546102,
      43.40010961780755,
      43.708730461192985,
      43.91351293777448,
      44.05055236317416,
      44.05681019040869,
      44.30629293708982,
      44.97932144968769,
      45.37718835582835,
      45.73100023660894,
      46.23295819220859,
      46.478134250118316,
      46.52518716432308,
      46.80773396975381,
      47.10479810627119,
      47.4806666050121,
      46.5277995031105,
      45.65805876109149,
      44.45236601246755,
      43.65200256141939,
      42.958916224852025,
      43.25031424880046,
      43.464528082659484,
      44.105276180902166,
      44.6087300114206,
      44.74361597288136,
      46.442125227770376,
      48.16490741319726,
      49.65245637901042,
      51.14813654401626,
      52.88781979529962,
      52.958063840094226,
      53.100347724034975,
      53.3439557259598,
      53.65787263207443,
      53.96712362737408,
      54.50660387800965,
      54.80962647767548,
      55.371293357637114,
      55.610806556293916,
      55.988086632140934,
      56.05886786151596,
      56.28403194213879,
      56.30000606210865,
      56.41256171664819,
      56.3691479065595,
      56.695312323764234,
      56.85172463277703,
      56.789960626516574,
      56.896428456280276,
      56.93966035035273,
      56.89137437469684,
      56.91582735802151,
      57.41074490448104,
      57.404094744451925,
      57.524674104072496,
      57.82467105853247,
      58.24900612009715,
      58.09139552834715,
      58.45406851149717,
      58.560530505241616,
      58.67106856029054,
      58.64672935257975,
      59.005006670606846,
      59.10687411860873,
      59.25590921501835
    ],